{
  "feature_dim": 10,
  "models": {
    "subtasks_3": {
      "A_inv": [
        [
          0.710482758879541,
          -0.022628506153305573,
          -0.05501526316929308,
          -0.08343959451127515,
          -0.058168076840058834,
          0.0,
          -0.036189655140057134,
          -0.09650574704015108,
          -0.289517241120457,
          -0.28951724112045696
        ],
        [
          -0.02262850615330553,
          0.12970620238251218,
          0.003492177397440659,
          0.00529495699306952,
          0.0032618075694061987,
          0.0,
          -0.002828563269163206,
          -0.007542835384437489,
          -0.022628506153305642,
          -0.022628506153305642
        ],
        [
          -0.055015263169293345,
          0.003492177397440814,
          0.914992181199231,
          -0.16071500727430432,
          0.050172986894880506,
          0.0,
          -0.006876907896161443,
          -0.01833842105643847,
          -0.05501526316929154,
          -0.05501526316929153
        ],
        [
          -0.08343959451127661,
          0.005294956993068948,
          -0.16071500727430604,
          0.43824584608654665,
          0.0891006398438495,
          0.0,
          -0.01042994931390987,
          -0.027813198170433418,
          -0.08343959451127894,
          -0.08343959451127896
        ],
        [
          -0.05816807684005896,
          0.003261807569406085,
          0.05017298689488015,
          0.08910063984384989,
          0.7484932125094799,
          0.0,
          -0.007271009605007574,
          -0.01938935894668952,
          -0.05816807684006058,
          -0.05816807684006058
        ],
        [
          0.0,
          0.0,
          0.0,
          0.0,
          0.0,
          1.0,
          0.0,
          0.0,
          0.0,
          0.0
        ],
        [
          -0.0361896551400573,
          -0.0028285632691631897,
          -0.006876907896161527,
          -0.01042994931390974,
          -0.007271009605007591,
          0.0,
          0.995476293107493,
          -0.012063218380018842,
          -0.03618965514005704,
          -0.036189655140057043
        ],
        [
          -0.0965057470401472,
          -0.007542835384437251,
          -0.01833842105643821,
          -0.02781319817043153,
          -0.019389358946688695,
          0.0,
          -0.012063218380019182,
          0.9678314176532968,
          -0.09650574704015347,
          -0.09650574704015347
        ],
        [
          -0.2895172411204571,
          -0.022628506153305496,
          -0.05501526316929106,
          -0.08343959451128043,
          -0.05816807684006071,
          0.0,
          -0.036189655140057043,
          -0.09650574704015076,
          0.7104827588795437,
          -0.28951724112045635
        ],
        [
          -0.2895172411204571,
          -0.02262850615330549,
          -0.055015263169291055,
          -0.08343959451128043,
          -0.058168076840060715,
          0.0,
          -0.036189655140057043,
          -0.09650574704015075,
          -0.28951724112045635,
          0.7104827588795437
        ]
      ],
      "b": [
        64.70625714285714,
        32.58001607142857,
        19.576285130952385,
        44.37620918095239,
        8.782616666666671,
        0.0,
        8.088282142857143,
        21.56875238095239,
        64.70625714285714,
        64.70625714285714
      ],
      "n": 107
    },
    "subtasks_0": {
      "A_inv": [
        [
          0.6720240636537388,
          -0.0009645325577337836,
          -0.024254339447044332,
          -0.006485565045460585,
          -0.029660035136298647,
          0.0,
          0.0,
          0.0,
          -0.32797593634627037,
          -0.3279759363462702
        ],
        [
          -0.0009645325577336085,
          0.015489543612980626,
          -0.0025049783952113317,
          -0.006016652355090588,
          -0.0005185890340867174,
          0.0,
          0.0,
          0.0,
          -0.0009645325577331441,
          -0.0009645325577331441
        ],
        [
          -0.02425433944704755,
          -0.002504978395211045,
          0.6760561279813541,
          -0.19612097221583044,
          0.05803039157295191,
          0.0,
          0.0,
          0.0,
          -0.024254339447027734,
          -0.02425433944702772
        ],
        [
          -0.006485565045457211,
          -0.006016652355090719,
          -0.19612097221583177,
          0.11692550170833027,
          0.025745132543389677,
          -0.0,
          -0.0,
          -0.0,
          -0.006485565045464328,
          -0.0064855650454643254
        ],
        [
          -0.029660035136291476,
          -0.0005185890340867412,
          0.0580303915729486,
          0.025745132543391145,
          0.37130347210660397,
          0.0,
          0.0,
          0.0,
          -0.029660035136290598,
          -0.029660035136290588
        ],
        [
          0.0,
          0.0,
          0.0,
          0.0,
          0.0,
          1.0,
          0.0,
          0.0,
          0.0,
          0.0
        ],
        [
          0.0,
          0.0,
          0.0,
          0.0,
          0.0,
          0.0,
          1.0,
          0.0,
          0.0,
          0.0
        ],
        [
          0.0,
          0.0,
          0.0,
          0.0,
          0.0,
          0.0,
          0.0,
          1.0,
          0.0,
          0.0
        ],
        [
          -0.3279759363462715,
          -0.0009645325577330535,
          -0.024254339447028615,
          -0.006485565045462964,
          -0.029660035136287,
          0.0,
          0.0,
          0.0,
          0.6720240636537324,
          -0.3279759363462678
        ],
        [
          -0.3279759363462715,
          -0.0009645325577330534,
          -0.024254339447028615,
          -0.006485565045462964,
          -0.029660035136287004,
          0.0,
          0.0,
          0.0,
          -0.3279759363462678,
          0.6720240636537322
        ]
      ],
      "b": [
        750.5787857142852,
        368.9721571428574,
        215.6374544166665,
        487.1736272054766,
        112.5214809523809,
        0.0,
        0.0,
        0.0,
        750.5787857142852,
        750.5787857142852
      ],
      "n": 1032
    },