alpha,beta,gamma,Train Samples,Eval Samples,Avg Reward,Avg Regret,Top1 Action Match (%)
0.05,0.05,0.05,1415,491,0.60446,0.0607,0.41
0.1,0.08,0.06,1415,491,0.58764,0.05342,8.55
0.15,0.1,0.08,1415,491,0.57465,0.04868,17.92
0.2,0.12,0.1,1415,491,0.56167,0.04555,31.16
